index,sequence,parent_index,interface_score,total_score,catalytic_score,efield_score,interface_potential,total_potential,catalytic_potential,efield_potential,relax_interface_score,relax_total_score,relax_catalytic_score,relax_efield_score,design_interface_score,design_total_score,design_catalytic_score,design_efield_score,generation,mutations,design_method,score_taken_from,blocked_ESMfold,blocked_RosettaRelax,cat_resi,cat_resn,kbt_boltzmann,luca
0,LREEFRVEDKDGNGYISAAELRIVITNNGEPLTDEEVDELFREADIDGDGQVNYEEFVQRVRA,Parent,-22.462000000000444,-133.656,4.385999999999999,170.44783040414958,-22.462000000000444,-133.656,4.385999999999999,170.44783040414958,,,,,-22.462000000000444,-133.656,4.385999999999999,170.44783040414958,0,6,RosettaDesign,RosettaDesign,False,True,8,GLU,0.5,7vuu
1,LREEFRVEDKDGNGYISAAELRIVFTNRGEPLTDEEVDELFRETDIDGDGQVNYEEFVQRVRA,Parent,-20.480000000000473,-127.65,24.233,158.6085708750786,-20.480000000000473,-127.65,24.233,158.6085708750786,-20.480000000000473,-127.65,24.233,158.6085708750786,-23.56800000000112,-125.468,8.512,168.9122299196513,0,4,RosettaDesign,RosettaRelax,False,False,8,GLU,0.5,7vuu
2,LREEFRVEDKDGNGYISAAELRIVITNNGEPLTDEEVDELFREVDIDGDGQINYEEFVQYVRA,Parent,-21.009000000000015,-138.345,7.187,174.58491858634136,-21.009000000000015,-138.345,7.187,174.58491858634136,-21.009000000000015,-138.345,7.187,174.58491858634136,-21.17200000000048,-123.262,12.75,187.01225817020577,0,8,RosettaDesign,RosettaRelax,False,False,8,GLU,0.5,7vuu
3,LREEFRVEDKDGNGYISAAELRIVFTNQGEPLTDEEVDELFREVDIDGDGQINYEEFVQYVRA,Parent,-21.55699999999979,-148.581,8.717,179.98295931056037,-21.55699999999979,-148.581,8.717,179.98295931056037,-21.55699999999979,-148.581,8.717,179.98295931056037,-21.675999999999476,-121.854,10.512,193.2123447632128,0,8,RosettaDesign,RosettaRelax,False,False,8,GLU,0.5,7vuu
4,LREEFRVEDKDGNGYISAAELRIVFTNRGEPLTDEEVDELFRETDIDGDGQVNYEEFVQRVRA,Parent,-20.91700000000037,-147.688,6.725,165.24414898085308,-20.91700000000037,-147.688,6.725,165.24414898085308,-20.91700000000037,-147.688,6.725,165.24414898085308,-23.56800000000112,-125.468,8.512,168.9122299196513,0,4,RosettaDesign,RosettaRelax,False,False,8,GLU,0.5,7vuu
5,LREEFRVEDKDGNGYISAAELRIVITNNGEPLTDEEVDELFREADIDGDGQVNYEEFVQRVRA,Parent,-22.16900000000078,-130.123,6.4559999999999995,170.66063002468331,-22.16900000000078,-130.123,6.4559999999999995,170.66063002468331,-22.16900000000078,-130.123,6.4559999999999995,170.66063002468331,-22.462000000000444,-133.656,4.385999999999999,170.44783040414958,0,6,RosettaDesign,RosettaRelax,False,False,8,GLU,0.5,7vuu
6,LREEFRVEDKDGNGYISAAELRIVITNNGEPLTDEEVDELFREADIDGDGQVNYEEFVQRVRA,Parent,-23.369000000000597,-136.265,5.2620000000000005,176.2564079495108,-23.369000000000597,-136.265,5.2620000000000005,176.2564079495108,-23.369000000000597,-136.265,5.2620000000000005,176.2564079495108,-22.462000000000444,-133.656,4.385999999999999,170.44783040414958,0,6,RosettaDesign,RosettaRelax,False,False,8,GLU,0.5,7vuu
7,LREEFRVEDKDGNGYISAAELRIVITNNGEPLTDEEVDELFREADIDGDGQVNYEEFVQRVRA,Parent,-22.462000000000444,-133.656,4.385999999999999,170.44783040414958,-22.462000000000444,-133.656,4.385999999999999,170.44783040414958,,,,,-22.462000000000444,-133.656,4.385999999999999,170.44783040414958,0,6,RosettaDesign,RosettaDesign,False,True,8,GLU,0.5,7vuu
8,LREEFRVEDKDGNGYISAAELRIVFTNRGEPLTDEEVDELFRETDIDGDGQVNYEEFVQRVRA,Parent,-20.970000000000255,-147.788,4.665,162.3951257345586,-20.970000000000255,-147.788,4.665,162.3951257345586,-20.970000000000255,-147.788,4.665,162.3951257345586,-23.56800000000112,-125.468,8.512,168.9122299196513,0,4,RosettaDesign,RosettaRelax,False,False,8,GLU,0.5,7vuu
9,LREEFRVEDKDGNGYISAAELRIVFTNRGEPLTDEEVDELFRETDIDGDGQVNYEEFVQRVRA,Parent,-19.567000000000007,-140.767,9.615,157.97728032023525,-19.567000000000007,-140.767,9.615,157.97728032023525,-19.567000000000007,-140.767,9.615,157.97728032023525,-23.56800000000112,-125.468,8.512,168.9122299196513,0,4,RosettaDesign,RosettaRelax,False,False,8,GLU,0.5,7vuu
10,LREEFRVEDKDGNGYISAAELRIVFTNRGEPLTDEEVDELFRETDIDGDGQVNYEEFVQRVRA,9,-19.931000000000495,-147.127,7.202999999999999,159.31118828245621,-19.931000000000495,-147.127,7.202999999999999,159.31118828245621,,,,,-19.931000000000495,-147.127,7.202999999999999,159.31118828245621,1,4,RosettaDesign,RosettaDesign,True,False,8,GLU,0.5,7vuu
11,LREEFRVEDKDGNGYISAAELRIVFTNRGEPLTDEEVDEMLRETDIDGDGQVNYEEFVQRVRA,1,-21.43499999999949,-154.335,3.3419999999999996,151.08192116681846,-21.43499999999949,-154.335,3.3419999999999996,151.08192116681846,,,,,-21.43499999999949,-154.335,3.3419999999999996,151.08192116681846,1,5,RosettaDesign,RosettaDesign,True,False,8,GLU,0.4998500224977502,7vuu
12,LREEFRVEDKDGNGYISAAELRIVVTNNGEPLTDEEVDELFRETDIDGDGQINYEEFVQYVRA,2,-23.789999999999964,-145.225,7.481,172.69595428614176,-23.789999999999964,-145.225,7.481,172.69595428614176,,,,,-23.789999999999964,-145.225,7.481,172.69595428614176,1,7,RosettaDesign,RosettaDesign,True,False,8,GLU,0.4997000899820027,7vuu
13,LREEFRVEDKDGNGYISAAELRIVWTNNGEPLTDEEVDELFREADIDGDGQVNYEEFVQRVRA,5,-20.016999999999825,-132.868,6.471,198.9842217433045,-20.016999999999825,-132.868,6.471,198.9842217433045,,,,,-20.016999999999825,-132.868,6.471,198.9842217433045,1,6,RosettaDesign,RosettaDesign,True,False,8,GLU,0.4995502024392637,7vuu
14,,3,,,,,,,,,,,,,,,,,1,,ProteinMPNN,nan,False,False,8,nan,0.4994003598560432,7vuu
15,,6,,,,,,,,,,,,,,,,,1,,RosettaDesign,nan,False,False,8,nan,0.49925056221885544,7vuu
16,,4,,,,,,,,,,,,,,,,,1,,RosettaDesign,,False,False,8,,0.49910080951421865,7vuu
17,,8,,,,,,,,,,,,,,,,,1,,RosettaDesign,,False,False,8,,0.498951101728655,7vuu
